cost/projected_total_usd,_step,cost/per_hour,cost/spent_usd,_runtime,cost/budget_pct_used,cost/hours_elapsed,_timestamp,train/global_step,train/entropy,train/rewards/accuracies,train/mean_token_accuracy,train/logps/rejected,train/num_tokens,train/logits/rejected,train/loss,train/grad_norm,train/rewards/margins,train/learning_rate,train/epoch,train/logps/chosen,train/rewards/chosen,train/logits/chosen,train/rewards/rejected
2.1929357939958574,1,3,0.009024427135785421,18.714263683,0.10964678969979286,0.00300814237859514,1778107319.387826,0,,,,,,,,,,,,,,,
1.8810449811816214,2,3,0.015481851696968078,26.555207285,0.09405224905908108,0.0051606172323226925,1778107327.1367083,0,,,,,,,,,,,,,,,
1.7832504522800443,3,3,0.022015437682469684,34.485276412,0.08916252261400222,0.007338479227489895,1778107334.9770086,0,,,,,,,,,,,,,,,
1.7389203809201716,4,3,0.028624203801155088,42.120405138,0.08694601904600859,0.009541401267051696,1778107342.9075372,0,,,,,,,,,,,,,,,
1.7003622146844866,5,3,0.0349868768453598,42.12107013,0.08501811073422433,0.0116622922817866,1778107350.5433786,5,1.3711567044258117,0.35,0.2568183373659849,-262.21617965698243,33734.0,0.6430649236569222,0.8004306793212891,2080.90869140625,-0.08403716910397634,8e-08,0.020629190304280558,-281.1283191680908,-0.483598258308848,1.0651947265692745,-0.3995610882760957
1.6741145968437194,6,3,0.04133616288503011,57.426045896,0.08370572984218598,0.013778720961676703,1778107358.1618822,5,,,,,,,,,,,,,,,
1.657310696840286,7,3,0.04774146040280659,65.134755194,0.0828655348420143,0.015913820134268866,1778107365.8482373,5,,,,,,,,,,,,,,,
1.6452782756835223,8,3,0.054165539940198265,72.955933152,0.08226391378417611,0.01805517998006609,1778107373.5571296,5,,,,,,,,,,,,,,,
1.6384456479549405,9,3,0.06068317214647928,80.609250807,0.08192228239774703,0.020227724048826428,1778107381.378291,5,,,,,,,,,,,,,,,
1.629582127869129,10,3,0.06706099291642506,80.609819554,0.08147910639345644,0.022353664305475023,1778107389.0321789,10,1.3750154122710228,0.475,0.27126499023288486,-260.76414070129397,66956.0,0.43044668021850496,0.9191501617431641,372.88671875,-0.013576652482151985,1.8e-07,0.041258380608561115,-297.73632621765137,-0.9352545935660601,1.1219348556457505,-0.9216779408976435
1.6238297789747063,11,3,0.07350669781366984,96.27557279,0.08119148894873532,0.024502232604556612,1778107396.7665312,10,,,,,,,,,,,,,,,
1.6223533849418164,12,3,0.08011621654033661,104.213510653,0.08111766924709082,0.026705405513445538,1778107404.6979465,10,,,,,,,,,,,,,,,
1.6212026303089582,13,3,0.08673100491364796,112.032567794,0.0810601315154479,0.02891033497121599,1778107412.635691,10,,,,,,,,,,,,,,,
1.6185032066702842,14,3,0.09324709832668304,119.875371633,0.08092516033351421,0.03108236610889435,1778107420.455003,10,,,,,,,,,,,,,,,
1.6164801961183548,15,3,0.099782728155454,119.875907488,0.08082400980591774,0.03326090938515133,1778107428.29827,15,1.432883584499359,0.425,0.24477152712643147,-263.34314613342286,101087.0,0.9755868806194524,1.052285099029541,315.1705017089844,-0.13157320376485587,2.8e-07,0.06188757091284167,-267.48713836669924,-0.6574199779657647,0.8604016449577511,-0.5258467832114547
1.6137181209772824,16,3,0.10625304500261942,135.244092145,0.08068590604886412,0.03541768166753981,1778107436.06214,15,,,,,,,,,,,,,,,
1.6093755952750937,17,3,0.11259006222089132,142.988795227,0.08046877976375469,0.037530020740297106,1778107443.6665688,15,,,,,,,,,,,,,,,
1.6070920863747595,18,3,0.11904385824998219,150.671713143,0.08035460431873799,0.0396812860833274,1778107451.4111166,15,,,,,,,,,,,,,,,
1.6043937167682147,19,3,0.1254464222987493,158.316892501,0.08021968583841074,0.0418154740995831,1778107459.0941894,15,,,,,,,,,,,,,,,
1.6015803823471069,20,3,0.13181731541951497,158.317831919,0.08007901911735535,0.04393910513983833,1778107466.7398973,20,1.3877294182777404,0.3,0.23809492588043213,-272.02588348388673,134310.0,0.6745196389641344,1.0990120887756347,196.76316833496094,-0.39756875224411486,3.7999999999999996e-07,0.08251676121712223,-292.396577835083,-2.191361261717975,0.8215437582999247,-1.793792510824278
1.601857538989612,21,3,0.13843213299910226,174.082568079,0.0800928769494806,0.04614404433303409,1778107474.677079,20,,,,,,,,,,,,,,,
1.6010975338112223,22,3,0.14495533227920532,182.072923061,0.08005487669056112,0.048318444093068444,1778107482.5048835,20,,,,,,,,,,,,,,,
1.6018346806712773,23,3,0.1516139821211497,189.979190429,0.08009173403356387,0.050537994040383234,1778107490.495259,20,,,,,,,,,,,,,,,
1.6018004467338325,24,3,0.15820251325766246,198.207988815,0.08009002233669162,0.05273417108588749,1778107498.4015129,20,,,,,,,,,,,,,,,
1.604380596971512,25,3,0.1650597321987152,198.208476318,0.0802190298485756,0.05501991073290507,1778107506.630843,25,1.382093185186386,0.55,0.2709744246676564,-258.1157299041748,168974.0,0.7235697138185587,0.9664685249328613,2627.711669921875,0.11773901246488094,4.8e-07,0.10314595152140278,-281.93902893066405,-0.515920584788546,1.0266050776167939,-0.6336595968459733
1.6013192787078712,26,3,0.1713345730304718,213.570216787,0.08006596393539356,0.0571115243434906,1778107514.159974,25,,,,,,,,,,,,,,,
1.6007551735639571,27,3,0.1778616859515508,221.284081676,0.08003775867819786,0.059287228650516936,1778107521.9925277,25,,,,,,,,,,,,,,,
1.5993733647465707,28,3,0.18428993503252666,228.919461997,0.07996866823732852,0.06142997834417555,1778107529.706402,25,,,,,,,,,,,,,,,
1.5975387312831548,29,3,0.1906527704000473,236.888098139,0.07987693656415774,0.06355092346668244,1778107537.3418128,25,,,,,,,,,,,,,,,
1.5980754776000974,30,3,0.1972932688395182,236.889029955,0.07990377388000486,0.06576442294650607,1778107545.3110552,30,1.4128370344638825,0.375,0.24459156766533852,-252.81947746276856,202188.0,0.7276025108444099,1.0951677322387696,1081.7821044921875,-0.22595349848270416,4.995847625707292e-07,0.12377514182568335,-281.85668563842773,0.0013844072469510137,1.1553314698089958,0.22733790772035717
1.5977261877444482,31,3,0.2038251515229543,252.767871446,0.07988630938722241,0.0679417171743181,1778107553.148668,30,,,,,,,,,,,,,,,
1.5986846132017671,32,3,0.21052636881669362,260.386729618,0.07993423066008835,0.07017545627223121,1778107561.1901345,30,,,,,,,,,,,,,,,
1.5969921110434966,33,3,0.21687547187010447,268.133622007,0.07984960555217484,0.07229182395670149,1778107568.8090477,30,,,,,,,,,,,,,,,
1.5961608762250226,34,3,0.22333115140597024,275.870144899,0.07980804381125113,0.07444371713532341,1778107576.5558748,30,,,,,,,,,,,,,,,
1.5953181164605277,35,3,0.22977832953135172,275.870891406,0.07976590582302638,0.07659277651045057,1778107584.293233,35,1.3552606835961343,0.65,0.25228330977261065,-272.66471939086915,236005.0,0.5571571082411971,0.6976834297180176,7298.42529296875,0.40373518913984296,4.979002243050646e-07,0.1444043321299639,-275.1923770904541,-0.09066773140802979,1.0191623934037797,-0.4944029201938974
1.595563644915819,36,3,0.236379799246788,291.660332695,0.07977818224579096,0.078793266415596,1778107592.2142437,35,,,,,,,,,,,,,,,
1.5955046936950166,37,3,0.24293692866961158,299.236594192,0.07977523468475083,0.08097897622320387,1778107600.0827916,35,,,,,,,,,,,,,,,
1.5938904354289958,38,3,0.24925035615762076,306.905418923,0.07969452177144978,0.08308345205254025,1778107607.6589077,35,,,,,,,,,,,,,,,
1.5928405453150092,39,3,0.2556410751740138,314.519547916,0.07964202726575045,0.08521369172467126,1778107615.3277786,35,,,,,,,,,,,,,,,
1.5915657498836517,40,3,0.2619861316680908,314.5204544,0.0795782874941826,0.08732871055603027,1778107622.9424713,40,1.3608378559350967,0.425,0.2638767208904028,-260.61241760253904,269288.0,0.3115155818127155,1.1850342750549316,1375.11767578125,-0.5524203887209296,4.949291683053768e-07,0.16503352243424446,-276.76007118225095,-1.018376337736845,0.6668519034518997,-0.465955938026309
1.5926127360942888,41,3,0.2687124369541804,330.466151316,0.07963063680471444,0.08957081231806013,1778107631.0134459,40,,,,,,,,,,,,,,,
1.592663268659796,42,3,0.27527513285477956,338.351244845,0.07963316343298979,0.09175837761825985,1778107638.8886402,40,,,,,,,,,,,,,,,
1.5927569865487343,43,3,0.28184588650862374,345.921889714,0.07963784932743671,0.09394862883620791,1778107646.7735531,40,,,,,,,,,,,,,,,
1.5914002955772657,44,3,0.2881547860304514,353.707834175,0.07957001477886329,0.09605159534348381,1778107654.3442295,40,,,,,,,,,,,,,,,
1.5910724015235902,45,3,0.29464303731918334,353.708757201,0.07955362007617951,0.09821434577306111,1778107662.1307716,45,1.3691971927881241,0.45,0.25836846195161345,-260.47155609130857,303264.0,0.5129209567156929,1.3601611137390137,30325.220703125,-0.5304732841439546,4.906870133404186e-07,0.18566271273852503,-295.7222213745117,-1.189009814709425,0.9143756490520095,-0.6585365288425237
1.591593339248844,46,3,0.301289274096489,369.440847438,0.0795796669624422,0.10042975803216299,1778107670.1056085,45,,,,,,,,,,,,,,,
1.591152212353463,47,3,0.30775372008482615,377.315799367,0.07955761061767315,0.10258457336160871,1778107677.862947,45,,,,,,,,,,,,,,,
1.591226881071925,48,3,0.314316420952479,385.178224087,0.07956134405359624,0.10477214031749302,1778107685.7381854,45,,,,,,,,,,,,,,,
1.5912452672452344,49,3,0.32086838722229005,393.044651108,0.07956226336226171,0.10695612907409668,1778107693.600566,45,,,,,,,,,,,,,,,
1.5912789690613747,50,3,0.32742365618546804,393.045113846,0.07956394845306873,0.10914121872848935,1778107701.4675186,50,1.391282580792904,0.625,0.26551679279655216,-248.19109954833985,337462.0,0.8184163655516971,0.796799898147583,294.6704406738281,0.19748317468911408,4.851957747496606e-07,0.20629190304280556,-275.6917106628418,0.03836696222424507,1.1686644194535238,-0.1591162097407505
1.590592849815593,51,3,0.333828128973643,408.751491555,0.07952964249077965,0.11127604299121432,1778107709.1522381,50,,,,,,,,,,,,,,,
1.5912423972900096,52,3,0.34051277637481686,416.383699335,0.07956211986450047,0.11350425879160563,1778107717.1738176,50,,,,,,,,,,,,,,,
1.5903797937789053,53,3,0.3468729591369629,424.219034599,0.07951898968894527,0.11562431971232097,1778107724.806038,50,,,,,,,,,,,,,,,
1.5903104469180107,54,3,0.3534023215373357,431.893875221,0.07951552234590054,0.11780077384577857,1778107732.641271,50,,,,,,,,,,,,,,,
1.5896537273363631,55,3,0.35979816873868303,431.89435152,0.07948268636681816,0.11993272291289435,1778107740.3167808,55,1.4602342933416366,0.425,0.24817998036742211,-251.26192817687988,371123.0,1.166853134639497,1.097996425628662,1313.691162109375,-0.27939194785431026,4.78483950191177e-07,0.22692109334708613,-271.8105899810791,-0.34321915954351423,1.2069686609434687,-0.06382720908150077
1.5895278737055407,56,3,0.3663109503189723,447.468104483,0.07947639368527704,0.1221036501063241,1778107748.131623,55,,,,,,,,,,,,,,,
1.5892056108148476,57,3,0.3727766247590383,455.064586513,0.07946028054074238,0.12425887491967944,1778107755.8904302,55,,,,,,,,,,,,,,,
1.5883276884925777,58,3,0.37910702029863996,462.918140079,0.0794163844246289,0.12636900676621332,1778107763.4869123,55,,,,,,,,,,,,,,,
1.588361934645701,59,3,0.3856516631444295,470.751429778,0.07941809673228505,0.1285505543814765,1778107771.340479,55,,,,,,,,,,,,,,,
1.5883269124925137,60,3,0.3921794845660528,470.751951313,0.07941634562462568,0.13072649485535093,1778107779.1743321,60,1.3952759563922883,0.475,0.25016682147979735,-269.23183670043943,404777.0,0.9138072335989784,1.0122204780578614,661.62841796875,-0.21187307825312018,4.70586371748506e-07,0.2475502836513667,-290.7122287750244,-0.22541605425067246,0.9886766474167341,-0.013542969850823284
1.5876002018568944,61,3,0.39853338400522864,486.142527495,0.07938001009284473,0.1328444613350762,1778107786.7985861,60,,,,,,,,,,,,,,,
1.5873596288311869,62,3,0.4050053373972575,493.872826839,0.07936798144155933,0.13500177913241918,1778107794.5648913,60,,,,,,,,,,,,,,,
1.5870106706448965,63,3,0.4114472109079361,502.001567004,0.07935053353224482,0.13714907030264537,1778107802.2951605,60,,,,,,,,,,,,,,,
1.5879336176533254,64,3,0.4182211997111639,509.69350163,0.07939668088266627,0.13940706657038796,1778107810.4239225,60,,,,,,,,,,,,,,,
1.587466996385501,65,3,0.4246310895681381,509.694101404,0.07937334981927505,0.1415436965227127,1778107818.116475,65,1.3546517863869667,0.375,0.23669330552220344,-270.1321510314941,438277.0,0.47572197747070744,1.1392465591430665,371.224853515625,-0.24849141221493481,4.615440251639995e-07,0.26817947395564723,-284.2396408081055,-2.0821541018784044,0.7051466464587864,-1.8336627029348165
1.587176345993172,66,3,0.431084933479627,525.206640439,0.0793588172996586,0.14369497782654234,1778107825.8604016,65,,,,,,,,,,,,,,,
1.586966744536784,67,3,0.43755873203277584,533.098658454,0.0793483372268392,0.14585291067759196,1778107833.6289597,65,,,,,,,,,,,,,,,
1.5871310178584914,68,3,0.44413542886575064,541.214688969,0.07935655089292458,0.1480451429552502,1778107841.5210028,65,,,,,,,,,,,,,,,
1.5879481629703356,69,3,0.4508988610903422,548.944091964,0.07939740814851677,0.1502996203634474,1778107849.6371152,65,,,,,,,,,,,,,,,
1.587622864467757,70,3,0.4573399198055267,548.944971118,0.07938114322338785,0.15244663993517557,1778107857.3670213,70,1.412642803788185,0.6,0.2587869381532073,-260.87945289611815,472186.0,0.7796635663778521,0.8075717926025391,102.03887176513672,0.10210317708551883,4.514038371367791e-07,0.2888086642599278,-286.0904354095459,-0.4151027601095848,1.069189316184198,-0.517205934599042
1.5870641649776782,71,3,0.4637101058165233,564.36238568,0.07935320824888392,0.15457003527217442,1778107865.010617,70,,,,,,,,,,,,,,,
1.5868864030390977,72,3,0.4701885638634363,572.265833351,0.07934432015195489,0.15672952128781212,1778107872.7847636,70,,,,,,,,,,,,,,,
1.5870720348211185,73,3,0.47677472651004793,580.093356689,0.07935360174105592,0.15892490883668264,1778107880.6881564,70,,,,,,,,,,,,,,,
1.5870450289346076,74,3,0.4832976631323497,587.759215149,0.07935225144673037,0.16109922104411656,1778107888.5156822,70,,,,,,,,,,,,,,,
1.5865821145534516,75,3,0.48968583782513936,587.759890073,0.07932910572767259,0.1632286126083798,1778107896.182173,75,1.3502478152513504,0.525,0.24510843809694052,-260.8028503417969,505486.0,0.41676926246001883,1.0537142753601074,987.0736083984375,-0.2095976412296295,4.402184317891501e-07,0.30943785456420836,-282.44916076660155,-1.4063624183880166,0.7457553385988214,-1.1967647787416353
1.5864322965474504,76,3,0.49616812566916146,603.252686724,0.07932161482737253,0.16538937522305383,1778107903.960241,75,,,,,,,,,,,,,,,
1.5861172528081124,77,3,0.5025968249638875,611.304036613,0.07930586264040562,0.1675322749879625,1778107911.6747322,75,,,,,,,,,,,,,,,
1.5866858622661004,78,3,0.5093065730730693,619.270091994,0.07933429311330502,0.1697688576910231,1778107919.7263691,75,,,,,,,,,,,,,,,
1.5870188727333576,79,3,0.5159444071849187,626.860776169,0.07935094363666788,0.17198146906163958,1778107927.691776,75,,,,,,,,,,,,,,,
1.586396651186049,80,3,0.5222705024480819,626.861397566,0.07931983255930246,0.17409016748269399,1778107935.283753,80,1.445581492781639,0.575,0.24890116415917873,-260.4602638244629,539464.0,1.0536059908396875,0.7152260303497314,7251.82275390625,0.12370805814862251,4.280458575653296e-07,0.3300670448684889,-259.4591236114502,0.6793415993684903,1.0940076924665851,0.5556335457833483
1.586042002439499,81,3,0.528680667479833,642.580139437,0.07930210012197494,0.17622688915994433,1778107942.9752896,80,,,,,,,,,,,,,,,
1.5865233233134923,82,3,0.5353700103362402,650.513576918,0.07932616616567462,0.17845667011208005,1778107951.0024946,80,,,,,,,,,,,,,,,
1.5867629709229412,83,3,0.5419807678461075,658.328195142,0.07933814854614706,0.1806602559487025,1778107958.9354033,80,,,,,,,,,,,,,,,
1.5867128287681513,84,3,0.5484933235247931,666.241310451,0.07933564143840756,0.18283110784159767,1778107966.750474,80,,,,,,,,,,,,,,,
1.586897586485919,85,3,0.5550876331329346,666.242290103,0.07934487932429594,0.18502921104431153,1778107974.6643245,85,1.3674025639891625,0.55,0.2753878390416503,-263.07907485961914,573314.0,0.7442300926491792,0.8656193733215332,452.6024169921875,0.21516940146684646,4.1494928597979117e-07,0.3506962351727695,-285.253849029541,-0.7272928805556148,0.8423895723153825,-0.9424622848629951
1.5865524684065997,86,3,0.5614959353208542,681.697435112,0.07932762342032998,0.18716531177361806,1778107982.3536048,85,,,,,,,,,,,,,,,
1.5863926689172614,87,3,0.5679677456617356,689.452204383,0.07931963344586307,0.18932258188724518,1778107990.1197803,85,,,,,,,,,,,,,,,
1.5862101509083402,88,3,0.5744300134976705,697.383549329,0.079310507545417,0.19147667116589018,1778107997.8745005,85,,,,,,,,,,,,,,,
1.586433663448591,89,3,0.5810394899050395,705.396645298,0.07932168317242955,0.19367982996834648,1778108005.8058724,85,,,,,,,,,,,,,,,
1.586836436033249,90,3,0.5877171985308329,705.397473667,0.07934182180166245,0.19590573284361099,1778108013.8194957,90,1.4509967863559723,0.45,0.25101723466068504,-260.33125495910645,607155.0,0.8246358717107313,0.824102783203125,1303.4710693359375,0.022069726325571536,4.009966837786194e-07,0.37132542547705005,-274.59455795288085,-0.08748287493363023,1.1231252767228341,-0.1095526008680281
1.5864448033584344,91,3,0.5941007288297018,720.641677668,0.07932224016792172,0.19803357627656726,1778108021.4793591,90,,,,,,,,,,,,,,,
1.5858955317346946,92,3,0.6004213535785675,728.453893139,0.07929477658673473,0.20014045119285584,1778108029.064108,90,,,,,,,,,,,,,,,
1.5858530396415342,93,3,0.6069314102331798,736.431517146,0.0792926519820767,0.20231047007772657,1778108036.876175,90,,,,,,,,,,,,,,,
1.5861682811950117,94,3,0.6135794997215271,744.13514631,0.07930841405975059,0.2045264999071757,1778108044.853882,90,,,,,,,,,,,,,,,
1.5858925291864494,95,3,0.6199991369247436,744.13569972,0.07929462645932248,0.20666637897491455,1778108052.5580785,95,1.3681373327970505,0.525,0.260446323081851,-267.28491020202637,640983.0,0.5860553609949888,0.8714424133300781,2341.5234375,0.05946868360042572,3.862604602152464e-07,0.39195461578133056,-274.33178863525393,-0.07603383408859372,0.9904305609175003,-0.13550251629203558
1.58598267596215,96,3,0.6265610571702321,759.764022253,0.0792991337981075,0.2088536857234107,1778108060.4317517,95,,,,,,,,,,,,,,,
1.5858210047802976,97,3,0.6330231994390488,767.520767384,0.07929105023901488,0.2110077331463496,1778108068.1863272,95,,,,,,,,,,,,,,,
1.5856672166318309,98,3,0.639487190246582,775.222680386,0.07928336083159154,0.21316239674886067,1778108075.9431152,95,,,,,,,,,,,,,,,
1.585403915697878,99,3,0.6459052989880244,783.086153245,0.0792701957848939,0.21530176632934148,1778108083.6448414,95,,,,,,,,,,,,,,,
1.5854738297581672,100,3,0.6524583661556244,783.086863905,0.07927369148790836,0.2174861220518748,1778108091.5092475,100,1.4045038968324661,0.55,0.25084439758211374,-270.3136173248291,674578.0,0.70257602518962,0.921196174621582,8732.7373046875,-0.19191355295479298,3.7081709127108767e-07,0.4125838060856111,-275.7946147918701,-1.3275514130480588,0.9698730682565824,-1.1356378596741705
1.588806844265154,101,3,0.6603682768344878,800.47909181,0.0794403422132577,0.2201227589448293,1778108101.0004196,100,,,,,,,,,,,,,,,
1.5889149562576237,102,3,0.6669519569476445,808.395405887,0.07944574781288118,0.2223173189825482,1778108108.9008346,100,,,,,,,,,,,,,,,
1.5890535418906258,103,3,0.6735494436820348,816.269144431,0.07945267709453128,0.22451648122734494,1778108116.8178177,100,,,,,,,,,,,,,,,
1.5891051394893572,104,3,0.6801108415921528,824.204053249,0.07945525697446786,0.22670361386405097,1778108124.6914976,100,,,,,,,,,,,,,,,
1.5892737886394777,105,3,0.6867232420047125,824.204596775,0.07946368943197388,0.22890774733490415,1778108132.626983,105,1.390215127170086,0.575,0.2672406440600753,-262.3403949737549,708595.0,0.7911853707109753,0.8256098747253418,171.86810302734375,0.2849559156224132,3.547467227712444e-07,0.4332129963898917,-290.19174842834474,0.43628253862261773,1.2191476087297182,0.15132662413525394
1.5889290488665957,106,3,0.6931130830446879,839.533951538,0.07944645244332979,0.2310376943482293,1778108140.2941837,105,,,,,,,,,,,,,,,
1.5885800816466875,107,3,0.6994982252518336,847.290587425,0.07942900408233437,0.23316607508394455,1778108147.9563866,105,,,,,,,,,,,,,,,
1.588414508700371,108,3,0.7059620038668315,855.05718086,0.07942072543501853,0.2353206679556105,1778108155.7128885,105,,,,,,,,,,,,,,,
1.5882708830680325,109,3,0.7124342644214631,862.699821029,0.07941354415340163,0.23747808814048768,1778108163.4795978,105,,,,,,,,,,,,,,,
1.587901405903426,110,3,0.7188031055529912,862.70104096,0.07939507029517129,0.2396010351843304,1778108171.1231124,110,1.389414131641388,0.625,0.2543467354029417,-264.1435920715332,742015.0,0.669733671186275,0.7290139675140381,4557.03125,0.2414671025238931,3.3813275445496766e-07,0.45384218669417226,-284.7305107116699,-0.5184981565456838,0.9620472701062031,-0.7599652580916881
1.5881510004159565,111,3,0.7254516915480296,878.554152313,0.07940755002079783,0.24181723051600987,1778108179.1005197,110,,,,,,,,,,,,,,,
1.5882110875898174,112,3,0.7320149868726731,886.307483163,0.07941055437949088,0.24400499562422434,1778108186.97647,110,,,,,,,,,,,,,,,
1.5880502892437234,113,3,0.7384760604302089,893.85869281,0.07940251446218617,0.2461586868100696,1778108194.729764,110,,,,,,,,,,,,,,,
1.5875335568660185,114,3,0.7447688291470209,901.50434675,0.07937667784330092,0.24825627638234032,1778108202.281076,110,,,,,,,,,,,,,,,
1.587191869590593,115,3,0.7511401851971944,901.504842897,0.07935959347952964,0.25038006173239813,1778108209.9271758,115,1.4547106802463532,0.55,0.27720681577920914,-235.77550163269044,775482.0,0.9969461843551126,0.711712646484375,1066.097900390625,0.1149983948096633,3.210614071594162e-07,0.4744713769984528,-265.33679580688477,0.6067709077615291,1.3779630481738478,0.49177251138025896
1.5871225840058818,116,3,0.7576387643814086,917.114344953,0.0793561292002941,0.2525462547938029,1778108217.7250028,115,,,,,,,,,,,,,,,
1.5870777301146433,117,3,0.7641485367218652,924.544872196,0.07935388650573216,0.2547161789072884,1778108225.5367293,115,,,,,,,,,,,,,,,
1.5863795356932333,118,3,0.7703406798839569,932.045614692,0.07931897678466167,0.25678022662798566,1778108232.9673283,115,,,,,,,,,,,,,,,
1.5858125303122175,119,3,0.7765913214286169,939.96331603,0.07929062651561086,0.25886377380953896,1778108240.4680662,115,,,,,,,,,,,,,,,
1.5859582896530628,120,3,0.7831892788410187,939.964187098,0.07929791448265314,0.26106309294700625,1778108248.3862402,120,1.3623615562915803,0.65,0.24959759879857302,-263.33839225769043,808816.0,0.4498220779604211,0.8750673294067383,204.0117950439453,0.1474090851843357,3.0362127536287636e-07,0.4951005673027334,-287.66465644836427,0.6567301088944077,0.8010913075808791,0.5093210259103216
1.5859006638664845,121,3,0.7896871618429819,955.638374568,0.07929503319332423,0.26322905394766066,1778108256.1830842,120,,,,,,,,,,,,,,,
1.5859770991714275,122,3,0.796251876950264,963.482596854,0.07929885495857136,0.26541729231675465,1778108264.0607417,120,,,,,,,,,,,,,,,
1.5859972640799314,123,3,0.8027887386083603,971.186538246,0.07929986320399657,0.26759624620278677,1778108271.9049687,120,,,,,,,,,,,,,,,
1.5857879426883112,124,3,0.8092086621125538,979.030951293,0.07928939713441556,0.2697362207041846,1778108279.6088774,120,,,,,,,,,,,,,,,
1.5858094843769075,125,3,0.8157456195354462,979.031310184,0.07929047421884537,0.2719152065118154,1778108287.4536998,125,1.3794556558132172,0.55,0.25499162171036005,-261.4121067047119,842666.0,0.7852943482296022,1.0092787742614746,117.22217559814453,-0.1645538242533803,2.859028674095937e-07,0.5157297576070139,-288.85986251831054,-1.5527031752746552,0.8936260713388939,-1.388149351719767
1.5859774841155323,126,3,0.822358695467313,994.638898549,0.07929887420577661,0.274119565155771,1778108295.388917,125,,,,,,,,,,,,,,,
1.5857229049984862,127,3,0.8287523001432419,1002.462270262,0.07928614524992432,0.27625076671441395,1778108303.061245,125,,,,,,,,,,,,,,,
1.5857113477215172,128,3,0.8352718210220338,1010.105307085,0.07928556738607585,0.2784239403406779,1778108310.884665,125,,,,,,,,,,,,,,,
1.5854167223669762,129,3,0.8416409760713577,1018.005801651,0.07927083611834881,0.2805469920237859,1778108318.527657,125,,,,,,,,,,,,,,,
1.5855276911808898,130,3,0.8482246907552085,1018.00669616,0.07927638455904448,0.28274156358506947,1778108326.4287312,130,1.4352907210588455,0.55,0.24721542038023472,-249.76901626586914,876214.0,0.9395036103347753,0.7346061706542969,609.4629516601562,0.22189368605613707,2.6799813580229174e-07,0.5363589479112945,-262.0468551635742,0.020634344220161437,0.9799977336873983,-0.20125935049727559
1.5856480204058057,131,3,0.8548143649101256,1033.801997657,0.07928240102029029,0.28493812163670856,1778108334.335736,130,,,,,,,,,,,,,,,
1.5857373526827856,132,3,0.8613881915807724,1041.575713661,0.07928686763413928,0.2871293971935908,1778108342.2243135,130,,,,,,,,,,,,,,,
1.5856505605287121,133,3,0.8678663561741511,1049.407414579,0.0792825280264356,0.2892887853913837,1778108349.99811,130,,,,,,,,,,,,,,,
1.585652495547017,134,3,0.87439273416996,1057.196404542,0.07928262477735085,0.29146424472332,1778108357.8297696,130,,,,,,,,,,,,,,,
1.5855904058218004,135,3,0.8808835587898891,1057.1975991,0.07927952029109002,0.293627852929963,1778108365.6195838,135,1.393653152883053,0.5,0.2832725878804922,-252.1415702819824,910123.0,0.7749620303918612,0.9137947082519531,272.9867248535156,-0.12021440770477057,2.5e-07,0.556988138215575,-283.8496353149414,-0.3758389041759074,1.0873606551301596,-0.25562450010329485
1.5856590413915763,136,3,0.8874470355113349,1072.866036485,0.07928295206957882,0.29581567850377827,1778108373.4949253,135,,,,,,,,,,,,,,,
1.585604513087412,137,3,0.8939416390657425,1080.457751208,0.0792802256543706,0.2979805463552475,1778108381.2884495,135,,,,,,,,,,,,,,,
1.5852546668700551,138,3,0.9002680824200313,1088.152485996,0.07926273334350276,0.3000893608066771,1778108388.8801794,135,,,,,,,,,,,,,,,
1.5850598499071684,139,3,0.9066803256670635,1095.820413767,0.07925299249535843,0.30222677522235447,1778108396.5748777,135,,,,,,,,,,,,,,,
1.584828975664718,140,3,0.9130701917409898,1095.820989268,0.0792414487832359,0.3043567305803299,1778108404.2433329,140,1.4200212255120277,0.575,0.26855163760483264,-253.0407543182373,943536.0,0.49529577289138854,0.888611888885498,246.9127655029297,-0.06284584514796734,2.3200186419770823e-07,0.5776173285198556,-279.91781387329104,-0.14524718150496482,1.1218134001292963,-0.08240133745130152
1.5844726791660835,141,3,0.9193853817383448,1111.194805423,0.07922363395830417,0.3064617939127816,1778108411.8209438,140,,,,,,,,,,,,,,,
1.5844323338169446,142,3,0.9258822691440582,1118.894545114,0.07922161669084722,0.30862742304801943,1778108419.6172025,140,,,,,,,,,,,,,,,
1.5842557974420228,143,3,0.9322986791531245,1126.647982448,0.07921278987210115,0.31076622638437484,1778108427.3168967,140,,,,,,,,,,,,,,,
1.5841572426259518,144,3,0.9387598474820456,1134.450952845,0.07920786213129759,0.31291994916068183,1778108435.0703018,140,,,,,,,,,,,,,,,
1.5841292320859843,145,3,0.9452622989813486,1134.451488023,0.07920646160429923,0.3150874329937829,1778108442.873856,145,1.4119770646095275,0.5,0.23825913164764642,-266.6715679168701,976961.0,0.7942143869398268,0.9332934379577636,594.099609375,-0.023456012457609178,2.1409713259040628e-07,0.5982465188241362,-273.0248821258545,0.6284039035905152,0.9897296417042776,0.6518599171191454
1.5839939003774564,146,3,0.9517000389099121,1149.857429531,0.07919969501887282,0.317233346303304,1778108450.59854,145,,,,,,,,,,,,,,,
1.5837998316239337,147,3,0.9581011327107747,1157.585507128,0.07918999158119668,0.3193670442369249,1778108458.279843,145,,,,,,,,,,,,,,,
1.5836723176128156,148,3,0.964541164636612,1165.078702289,0.07918361588064077,0.3215137215455373,1778108466.0078773,145,,,,,,,,,,,,,,,
1.5832273046402323,149,3,0.9707854666312535,1172.952814695,0.07916136523201162,0.3235951555437512,1778108473.5010538,145,,,,,,,,,,,,,,,
1.5833024976611139,150,3,0.9773472207784653,1172.953709829,0.0791651248830557,0.32578240692615507,1778108481.375767,150,1.421250382065773,0.5,0.2653251750394702,-258.1492321014404,1009786.0,0.8232778991448699,1.0867643356323242,110.27239227294922,-0.2783127434551716,1.9637872463712362e-07,0.6188757091284167,-281.3419471740723,0.8404372613877058,1.1148239443145083,1.1187500124273355
1.5833298448339994,151,3,0.9838798624277115,1188.608448652,0.07916649224169997,0.3279599541425705,1778108489.214313,150,,,,,,,,,,,,,,,
1.5833265820459317,152,3,0.9903935821851095,1196.37505086,0.07916632910229658,0.33013119406170316,1778108497.030781,150,,,,,,,,,,,,,,,
1.5832574407843982,153,3,0.9968657960494359,1204.055092517,0.0791628720392199,0.3322885986831453,1778108504.7974422,150,,,,,,,,,,,,,,,
1.583075292961938,154,3,1.0032658235232035,1211.860694474,0.0791537646480969,0.33442194117440116,1778108512.477476,150,,,,,,,,,,,,,,,
1.58305963696972,155,3,1.00977055033048,1211.861284346,0.079152981848486,0.33659018344349334,1778108520.2836654,155,1.4045402884483338,0.525,0.24413190092891454,-264.9373382568359,1043484.0,0.6241949616987184,0.9497776031494141,957.6310424804688,-0.04047660194337368,1.7893859284058378e-07,0.6395048994326973,-272.2820827484131,-0.5267143173143267,0.9402072068375166,-0.4862377181183547
1.5828128838768372,156,3,1.0161267896493276,1227.109338705,0.07914064419384187,0.3387089298831092,1778108527.9106364,155,,,,,,,,,,,,,,,
1.5825609140487233,157,3,1.0224776275952656,1234.874675853,0.07912804570243617,0.34082587586508856,1778108535.5316434,155,,,,,,,,,,,,,,,
1.5824972025691708,158,3,1.0289487983783085,1242.714433871,0.07912486012845854,0.34298293279276953,1778108543.2970452,155,,,,,,,,,,,,,,,
1.5825290477500773,159,3,1.0354819695154827,1250.293905144,0.07912645238750386,0.34516065650516087,1778108551.136849,155,,,,,,,,,,,,,,,
1.5822308916449548,160,3,1.0417981179555258,1250.294802105,0.07911154458224774,0.3472660393185086,1778108558.7168446,160,1.4128629863262177,0.5,0.25518499631434677,-266.47616081237794,1076461.0,0.8324985227342694,1.0489954948425293,2111.13818359375,-0.11353451535105705,1.6186724554503237e-07,0.6601340897369778,-288.00771102905276,-0.9819554400630295,0.9659576326467849,-0.8684209266677498
1.5825903728289634,161,3,1.048547530968984,1266.225581832,0.07912951864144817,0.349515843656328,1778108566.8155286,160,,,,,,,,,,,,,,,
1.5826117601990701,162,3,1.05507450679938,1273.917529025,0.07913058800995351,0.35169150226646,1778108574.64789,160,,,,,,,,,,,,,,,
1.5824584399995631,163,3,1.061484467983246,1281.576934601,0.07912292199997815,0.3538281559944153,1778108582.3398504,160,,,,,,,,,,,,,,,
1.5822668567118123,164,3,1.067867343624433,1289.423331989,0.07911334283559061,0.3559557812081443,1778108589.999292,160,,,,,,,,,,,,,,,
1.582306540034034,165,3,1.0744056753317515,1289.423789329,0.07911532700170171,0.3581352251105838,1778108597.8457694,165,1.4147735685110092,0.6,0.26178840044885876,-246.39341087341307,1110259.0,0.8264482143207339,1.0713645935058593,578.6788940429688,-0.16776675060391427,1.4525327722875568e-07,0.6807632800412584,-278.51548233032224,-0.023800361552275717,1.264368574121379,0.14396639256738125
1.5821641045629262,166,3,1.0808199232816698,1304.759202129,0.07910820522814632,0.36027330776055655,1778108605.542422,165,,,,,,,,,,,,,,,
1.5819531420176618,167,3,1.0871859041849774,1312.832260438,0.07909765710088308,0.36239530139499243,1778108613.1815674,165,,,,,,,,,,,,,,,
1.5822676297277214,168,3,1.0939134230216345,1320.619886264,0.07911338148638608,0.36463780767387816,1778108621.2545948,165,,,,,,,,,,,,,,,
1.5822364487027274,169,3,1.1004031268755594,1328.418223016,0.07911182243513637,0.3668010422918532,1778108629.0422363,165,,,,,,,,,,,,,,,
1.5822183181748672,170,3,1.1069017040729523,1328.418825811,0.07911091590874336,0.3689672346909841,1778108636.8411517,170,1.4937677353620529,0.525,0.26423749327659607,-253.09815979003906,1143975.0,0.9140992091327036,1.3038914680480957,15073.5029296875,-0.4985179003328085,1.2918290872891236e-07,0.701392470345539,-259.8363838195801,-0.40887928202282636,1.1709446565532209,0.08963860175572336
1.5822298178861014,171,3,1.1134209829568862,1343.794798969,0.07911149089430507,0.37114032765229543,1778108644.6636593,170,,,,,,,,,,,,,,,
1.5819237085137257,172,3,1.1197155467669169,1351.720250334,0.07909618542568629,0.3732385155889723,1778108652.2171388,170,,,,,,,,,,,,,,,
1.5820566928765676,173,3,1.1263201969861985,1359.66966412,0.07910283464382838,0.37544006566206617,1778108660.1427207,170,,,,,,,,,,,,,,,
1.5822157180925895,174,3,1.1329445882638296,1367.475329425,0.07911078590462949,0.3776481960879432,1778108668.091993,170,,,,,,,,,,,,,,,
1.5822067251409804,175,3,1.1394492876529694,1367.475716342,0.07911033625704901,0.37981642921765646,1778108675.8981066,175,1.393623386323452,0.6,0.2625845555216074,-259.37414360046387,1177601.0,0.36790344453949364,0.7659943580627442,1450.1683349609375,0.3283349759876728,1.1373953978475353e-07,0.7220216606498195,-275.22426681518556,-0.26004885518923404,0.9151799000103648,-0.5883838303387166
1.5825050648437304,176,3,1.1461765078703563,1383.263695782,0.07912525324218651,0.3820588359567854,1778108683.9702983,175,,,,,,,,,,,,,,,
1.5823917860802956,177,3,1.1526063627004624,1390.970933525,0.07911958930401478,0.3842021209001541,1778108691.6861167,175,,,,,,,,,,,,,,,
1.5822700392630664,178,3,1.1590290822585425,1398.741067919,0.07911350196315332,0.38634302741951415,1778108699.3933825,175,,,,,,,,,,,,,,,
1.582220583268384,179,3,1.1655040510495502,1406.76828533,0.07911102916341921,0.3885013503498501,1778108707.163347,175,,,,,,,,,,,,,,,
1.5824611445367338,180,3,1.1721934403975804,1406.769093798,0.0791230572268367,0.39073114679919346,1778108715.1912146,180,1.3816936627030372,0.55,0.2706532346084714,-258.7390769958496,1211548.0,0.922092664541425,0.8794423103332519,757.1460571289062,-0.08918627053499222,9.900331622138063e-08,0.7426508509541001,-276.8229690551758,-0.14465316981077195,1.1276195516867635,-0.055466901045292616
1.582389175085073,181,3,1.1786520193020502,1422.087948842,0.07911945875425365,0.3928840064340168,1778108722.9409015,180,,,,,,,,,,,,,,,
1.582116746031321,182,3,1.1849598673979442,1429.80623442,0.07910583730156605,0.3949866224659814,1778108730.5103278,180,,,,,,,,,,,,,,,
1.58201216340065,183,3,1.1913918761412303,1437.596645713,0.0791006081700325,0.3971306253804101,1778108738.2287526,180,,,,,,,,,,,,,,,
1.581987779846658,184,3,1.1978837509950002,1445.411131982,0.07909938899233289,0.3992945836650001,1778108746.0189846,180,,,,,,,,,,,,,,,
1.5819901772318659,185,3,1.2043958139419555,1445.412409346,0.0790995088615933,0.4014652713139852,1778108753.8343942,185,1.4018320918083191,0.6,0.2575210653245449,-249.16168937683105,1244923.0,0.8742983347866211,1.0230093002319336,178.9346923828125,-0.19388836957514285,8.505071402020892e-08,0.7632800412583806,-272.3709518432617,0.16055797247681766,1.1099454654304033,0.35444635059684515
1.5817913286532126,186,3,1.21075385649999,1460.94666437,0.07908956643266063,0.40358461883332997,1778108761.4631166,185,,,,,,,,,,,,,,,
1.5818938778109728,187,3,1.2173422022660572,1468.728481334,0.07909469389054864,0.40578073408868576,1778108769.3691273,185,,,,,,,,,,,,,,,
1.5818614588075497,188,3,1.22382697224617,1476.904802036,0.07909307294037748,0.40794232408205666,1778108777.1508572,185,,,,,,,,,,,,,,,
1.5822520647730147,189,3,1.2306404948234557,1484.825037468,0.07911260323865074,0.4102134982744853,1778108785.3270822,185,,,,,,,,,,,,,,,
1.582365750234378,190,3,1.2372407100598017,1484.825633545,0.0791182875117189,0.4124135700199339,1778108793.2479892,190,1.4716328173875808,0.575,0.2675323873758316,-255.24837760925294,1278990.0,0.9913832912730041,1.2408013343811035,15991.845703125,-0.4861080788075924,7.195414243467029e-08,0.7839092315626611,-272.9958950042725,0.5228239446878433,1.1308080269944627,1.0089320266852155
1.5822974919086976,191,3,1.243698851664861,1500.282759105,0.07911487459543488,0.41456628388828703,1778108800.9971085,190,,,,,,,,,,,,,,,
1.5821860215906054,192,3,1.250122288664182,1508.194356612,0.07910930107953026,0.41670742955472734,1778108808.7052317,190,,,,,,,,,,,,,,,
1.5822890466698711,193,3,1.2567151687542597,1516.213650758,0.07911445233349355,0.41890505625141994,1778108816.6166894,190,,,,,,,,,,,,,,,
1.58250365055099,194,3,1.2633979761600496,1524.081305168,0.07912518252754949,0.4211326587200165,1778108824.6360564,190,,,,,,,,,,,,,,,
1.5825584731743885,195,3,1.2699543303251266,1524.081805924,0.07912792365871943,0.42331811010837556,1778108832.5041842,195,1.411373808979988,0.625,0.2628050372004509,-261.9761707305908,1313007.0,1.100626915206699,0.6786713600158691,226.5044708251953,0.34732647631317376,5.978156821084987e-08,0.8045384218669417,-268.09065437316895,0.9832799632451497,1.2487670783746356,0.6359534897841513
1.582607974914872,196,3,1.2765068439642588,1539.754146494,0.07913039874574361,0.4255022813214196,1778108840.3666992,195,,,,,,,,,,,,,,,
1.5826022057333573,197,3,1.2830149569114049,1547.633923935,0.07913011028666787,0.42767165230380166,1778108848.1764457,195,,,,,,,,,,,,,,,
1.5826682500134814,198,3,1.289581537048022,1555.447241044,0.07913341250067407,0.42986051234934064,1778108856.0563293,195,,,,,,,,,,,,,,,
1.5826658394378634,199,3,1.2960926010211309,1563.315624193,0.07913329197189317,0.43203086700704363,1778108863.8696098,195,,,,,,,,,,,,,,,
1.582719154778123,200,3,1.302649510105451,1563.316017492,0.07913595773890614,0.43421650336848366,1778108871.7384245,200,1.483380064368248,0.525,0.25289405453950164,-259.86901435852053,1346962.0,1.149239372137955,1.2065849304199219,1020.12646484375,-0.46838751807808876,4.859616286322094e-08,0.8251676121712223,-287.10438537597656,-1.3184875844977797,1.2526540792145524,-0.8501000817865133
1.584450779477162,201,3,1.3105950891971587,1580.823809062,0.0792225389738581,0.4368650297323863,1778108881.272596,200,,,,,,,,,,,,,,,
1.5846002304908071,202,3,1.3172396977742513,1588.748753986,0.07923001152454036,0.4390798992580838,1778108889.2461236,200,,,,,,,,,,,,,,,
1.584699805646107,203,3,1.3238438705603282,1596.573248815,0.07923499028230535,0.44128129018677603,1778108897.1711311,200,,,,,,,,,,,,,,,
1.5846986088857933,204,3,1.3303642642498017,1604.217312419,0.07923493044428966,0.4434547547499339,1778108904.995606,200,,,,,,,,,,,,,,,
1.5845191822197378,205,3,1.3367342895269394,1604.218141107,0.0792259591109869,0.4455780965089798,1778108912.6402595,205,1.4059392273426057,0.525,0.2772835411131382,-245.9230770111084,1380538.0,0.8405599589018179,1.11846981048584,130.9544677734375,-0.21976851541548967,3.845597483600049e-08,0.8457968024755028,-279.3086627960205,-0.4311125519685447,1.1374632605027397,-0.21134402230381966
1.5845064313058712,206,3,1.343244135181109,1619.921433294,0.07922532156529355,0.4477480450603697,1778108920.4514463,205,,,,,,,,,,,,,,,
1.5845724109722221,207,3,1.349820942680041,1627.70469285,0.0792286205486111,0.44994031422668035,1778108928.343617,205,,,,,,,,,,,,,,,
1.5845318817175353,208,3,1.3563071250915528,1635.423792322,0.07922659408587678,0.4521023750305176,1778108936.1270413,205,,,,,,,,,,,,,,,
1.5844293912632044,209,3,1.3627396821975708,1643.2875915,0.07922146956316022,0.4542465607325236,1778108943.8461087,205,,,,,,,,,,,,,,,
1.5844675311786791,210,3,1.3692929281791053,1643.288479761,0.07922337655893395,0.45643097605970173,1778108951.710635,210,1.4236561179161071,0.675,0.2437130192294717,-261.01465263366697,1414627.0,0.9590692278204465,0.9462261199951172,734.6152954101562,-0.028055019304156305,2.9413628251493934e-08,0.8664259927797834,-274.8684677124023,-0.4543599523603916,0.9680709498085088,-0.42630493495380506
1.584460406424875,211,3,1.375807184179624,1658.819071862,0.07922302032124375,0.4586023947265413,1778108959.527115,210,,,,,,,,,,,,,,,
1.5843551309969064,212,3,1.3822357521454494,1666.872491755,0.07921775654984532,0.46074525071514977,1778108967.2413907,210,,,,,,,,,,,,,,,
1.5845733750957838,213,3,1.388947032491366,1674.692630545,0.07922866875478918,0.4629823441637887,1778108975.2949224,210,,,,,,,,,,,,,,,
1.584568758049858,214,3,1.395463844537735,1682.226708173,0.0792284379024929,0.46515461484591164,1778108983.115111,210,,,,,,,,,,,,,,,
1.5842945929044903,215,3,1.401742129524549,1682.227192832,0.07921472964522451,0.46724737650818293,1778108990.649532,215,1.403616578876972,0.475,0.25282996259629725,-266.0141208648682,1448337.0,0.5460153846654205,1.2096968650817872,888.1808471679688,-0.48437937404960396,2.1516049808822935e-08,0.887055183084064,-278.36587142944336,-0.8242006989195942,1.1074951058225997,-0.3398213213775307
1.5843078330159188,216,3,1.4082736293474833,1697.869927208,0.07921539165079594,0.46942454311582776,1778108998.4868417,215,,,,,,,,,,,,,,,
1.5842907268550537,217,3,1.4147781387964884,1705.627429005,0.07921453634275268,0.4715927129321628,1778109006.2922587,215,,,,,,,,,,,,,,,
1.584229180640584,218,3,1.4212426394224167,1713.343113243,0.0792114590320292,0.4737475464741389,1778109014.0496578,215,,,,,,,,,,,,,,,
1.5841297508102572,219,3,1.4276724914709726,1720.857881868,0.07920648754051285,0.4758908304903242,1778109021.7654738,215,,,,,,,,,,,,,,,
1.5838462113521314,220,3,1.4339348415533701,1720.85831904,0.07919231056760657,0.47797828051779007,1778109029.2807503,220,1.4080666527152061,0.45,0.24867550879716874,-261.71837387084963,1481573.0,0.8229936685566068,1.0107096672058105,167.76589965820312,-0.255196045152843,1.4804225250339281e-08,0.9076843733883445,-273.4039710998535,-0.21248682467266916,0.9648973112192204,0.04270921908318996
1.58409747592734,221,3,1.4406812435388565,1736.883648673,0.079204873796367,0.4802270811796188,1778109037.3759892,220,,,,,,,,,,,,,,,
1.5841953859941378,222,3,1.4472896118958791,1744.647402248,0.0792097692997069,0.4824298706319597,1778109045.3060215,220,,,,,,,,,,,,,,,
1.584141412919947,223,3,1.453759403626124,1752.636115158,0.07920707064599734,0.4845864678753747,1778109053.0697746,220,,,,,,,,,,,,,,,
1.584291256924293,224,3,1.4604166318972907,1760.54045066,0.07921456284621464,0.48680554396576353,1778109061.0584393,220,,,,,,,,,,,,,,,
1.5843638922929764,225,3,1.467003603974978,1760.541497331,0.07921819461464882,0.4890012013249927,1778109068.9635315,225,1.4372386157512664,0.55,0.2791658367961645,-252.11007652282714,1515907.0,1.073174560961216,0.8018272399902344,288.4360046386719,0.1645594905363396,9.312986659581301e-09,0.9283135636926251,-262.7663005828857,0.5363988071272615,1.3443084510296748,0.371839309472125
1.5844194118586261,226,3,1.4735752554734547,1776.629880921,0.0792209705929313,0.49119175182448493,1778109076.8487942,225,,,,,,,,,,,,,,,
1.5847577023952546,227,3,1.4804115162293117,1784.624599612,0.07923788511976272,0.49347050540977055,1778109085.0523367,225,,,,,,,,,,,,,,,
1.58490751493134,228,3,1.487073717713356,1792.30467812,0.07924537574656701,0.49569123923778535,1778109093.046945,225,,,,,,,,,,,,,,,
1.5847779339551924,229,3,1.4934738554557163,1800.198340591,0.07923889669775962,0.4978246184852388,1778109100.7271094,225,,,,,,,,,,,,,,,
1.5848373300277665,230,3,1.5000517938534417,1800.198992842,0.07924186650138833,0.5000172646178139,1778109108.6213126,230,1.436549350619316,0.575,0.2731892382726073,-254.62239532470704,1550292.0,1.057281297984014,0.9031142234802246,143.19248962402344,-0.12268100790679455,5.070831694623135e-09,0.9489427539969056,-269.73697700500486,-0.0026705220341682436,1.0731370642823779,0.12001048345118762
1.58468141455929,231,3,1.5064255422353745,1815.538412784,0.07923407072796451,0.5021418474117915,1778109116.2691371,230,,,,,,,,,,,,,,,
1.584564574448199,232,3,1.51283531387647,1823.590573764,0.07922822872240995,0.5042784379588233,1778109123.9608607,230,,,,,,,,,,,,,,,
1.5847619268310942,233,3,1.5195453866322837,1831.488075293,0.07923809634155471,0.5065151288774279,1778109132.012945,230,,,,,,,,,,,,,,,
1.584823889892835,234,3,1.526126708785693,1839.19848063,0.07924119449464175,0.5087089029285643,1778109139.910543,230,,,,,,,,,,,,,,,
1.5847239271858904,235,3,1.532551946043968,1839.198945684,0.07923619635929452,0.5108506486813227,1778109147.6213553,235,1.4008742988109588,0.6,0.2537002520635724,-265.3398723602295,1583989.0,0.7440053947291964,0.8116559982299805,17577.763671875,0.14234067932702602,2.0997756949353297e-09,0.9695719443011862,-267.4843070983887,0.09790472420863808,1.0078674725835723,-0.044435955362860116
1.5846404937465313,236,3,1.5389924136797588,1855.07722101,0.07923202468732655,0.5129974712265862,1778109155.3493817,235,,,,,,,,,,,,,,,
1.5849179911009872,237,3,1.5457842135429383,1862.94244119,0.07924589955504936,0.5152614045143128,1778109163.499548,235,,,,,,,,,,,,,,,
1.5849508022811234,238,3,1.552338645855586,1870.513762735,0.07924754011405616,0.5174462152851953,1778109171.3648543,235,,,,,,,,,,,,,,,
1.584734137948587,239,3,1.5586479792992276,1878.339082758,0.07923670689742936,0.5195493264330758,1778109178.9360611,235,,,,,,,,,,,,,,,
1.5847336557805538,240,3,1.5651690427462261,1878.339532991,0.0792366827890277,0.521723014248742,1778109186.761946,240,1.4106710880994797,0.35,0.27261504232883454,-252.9762477874756,1617816.0,0.7393963293592685,1.2754143714904784,295.11212158203125,-0.6656150478869677,4.152374292708538e-10,0.9902011346054668,-270.7141906738281,-0.7212263572029769,1.0473846598313075,-0.05561131732538342
1.5849348247521151,241,3,1.5718900936841964,1894.265409022,0.07924674123760576,0.5239633645613988,1778109194.8265955,240,,,,,,,,,,,,,,,
1.584963524952408,242,3,1.5784410413106285,1896.993781416,0.0792481762476204,0.5261470137702094,1778109202.6877341,240,,,,,,,,,,,,,,,
1.5807144741217296,243,3,1.5807144741217296,1898.727382066,0.07903572370608648,0.5269048247072432,1778109207.14838,243,1.3902063150154917,0.8421052631578947,0.24769680280434458,-248.4692198100843,1633850.0,0.9483284828757111,,,0.632753921182532,,1.0,-271.03791728772615,1.0280298822020228,0.8201823023248458,0.3952759719012599
